{
    "customerIndObject": {
        "customerType": "Individual",
        "title": "1",
        "firstName": "Rakhi",
        "middleName": null,
        "lastName": "Patel",
        "gender": "1",
        "dateOfBirth": "02-09-1990",
        "maritalStatus": "1",
        "language": "5001",
        "pan": "SDFPL5678L",
        "partyStatus": "1",
        "occupation": "9001",
        "annualIncome": "250000",
        "physicallyChallenged": "2",
        "territory": "india",
        "sector": "04",
        "aadharNumber": "122533638852",
        "gstin": "11546546",
        "primaryEmail": "br73patel@gmail.com",
        "secondaryEmail": null,
        "corporateName": null,
        "paidupCapital": null,
        "industryType": null,
        "organizationType": null,
        "website": null,
        "dateOfRegistration": null,
        "registrationNumber": null,
        "registrationExpiryDate": null,
        "registrationAuthority": null,
        "segmentType": null,
        "contactPerson": null,
        "addressType": "2",
        "searchPinCode": null,
        "country": "91",
        "stateName": "22",
        "districtName": "43024",
        "cityName": "627751",
        "pinCd": "  ",
        "beatCode": "11234",
        "Pin_Sl_No":"",
        "mobileNo": null,
        "mobileNo2": "9415763121",
        "telephoneSTDCode": null,
        "telephoneNumber": "",
        "faxSTDCode": null,
        "faxNumber": null,
        "address": "105 20A thenvadel street kadaiyanallur tenkasi taluk",
        "zipCode": null,
        "isBankAvailable": "NO",
        "accountNo": null,
        "bankAccountName": null,
        "bankAccountType": null,
        "neftCode": null,
        "bankCity": null,
        "bankNm": null,
        "bankCode": null,
        "bankBranchName": null,
        "micrCode": null,
        "rtgsCode": null,
        "paymentOption": null,
        "branchAddress": null,
        "customerCode": null
    },
    "customerCorpObject": {
            "customerType":"Corporate",
            "corporateName":"NICL",
            "paidupCapital":"500000000",
            "industryType":"19211901",
            "organizationType":"11",
            "website":"",
            "dateOfRegistration":"",
            "registrationNumber":"",
            "partyStatus":"1",
            "registrationExpiryDate":"",
            "registrationAuthority":"",
            "segmentType":"",
            "contactPerson":"",
            "addressType":"2",
            "country":"91",
            "stateName":"",
            "districtName":"",
            "cityName":"",
            "pinCd":"",
            "beatCode":"",
            "mobileNo":"",
            "mobileNo2":"",
            "telephoneSTDCode":"",
            "telephoneNumber":"",
            "faxSTDCode":"",
            "faxNumber":"",
            "address":"",
            "zipCode":"",
            "isBankAvailable":"NO"

        
    },
    "dynamicAttributeVOListObj": {
        "valueMap": {
            "FinancierName": "",
            "DYN_DATA_ID": "",
            "Party_ID": "",
            "AgreementType": "",
            "FinancierAddress": "",
            "PartyID": ""
        }
    }
}